EF,H2 supply,H2 start,status,LCOP,H2_share,BOF_share,scrap_share,ccs_Mt
1.6,Low,2030,solved,503.8,22.8,50.6,14.0,921.3
1.6,Low,2035,Infeasible,,,,,
1.6,Low,2040,Infeasible,,,,,
1.6,Low,2045,Infeasible,,,,,
1.6,Mid,2030,solved,496.5,41.6,16.6,18.1,592.4
1.6,Mid,2035,solved,500.2,33.3,36.8,17.5,815.4
1.6,Mid,2040,Infeasible,,,,,
1.6,Mid,2045,Infeasible,,,,,
1.6,High,2030,solved,496.2,41.8,16.3,18.0,570.0
1.6,High,2035,solved,497.4,38.0,26.2,18.2,691.7
1.6,High,2040,Infeasible,,,,,
1.6,High,2045,Infeasible,,,,,
1.8,Low,2030,solved,478.1,19.0,36.7,20.1,959.5
1.8,Low,2035,solved,478.5,16.7,40.4,20.7,1038.6
1.8,Low,2040,solved,480.7,10.5,50.9,23.0,1197.9
1.8,Low,2045,solved,483.3,4.4,67.0,15.9,1294.2
1.8,Mid,2030,solved,476.7,30.2,25.6,18.8,729.0
1.8,Mid,2035,solved,476.7,30.0,26.1,18.8,736.3
1.8,Mid,2040,solved,478.5,21.1,39.0,19.7,1068.7
1.8,Mid,2045,solved,482.2,8.8,59.7,18.1,1264.0
1.8,High,2030,solved,476.5,32.7,23.2,18.4,690.0
1.8,High,2035,solved,476.5,32.7,23.2,18.4,690.0
1.8,High,2040,solved,477.5,26.7,33.6,16.5,966.9
1.8,High,2045,solved,481.4,12.7,52.3,21.7,1236.0
2.0,Low,2030,solved,460.7,7.8,43.5,22.5,853.5
2.0,Low,2035,solved,460.7,7.8,43.5,22.5,853.5
2.0,Low,2040,solved,460.7,7.8,43.5,22.5,853.5
2.0,Low,2045,solved,460.8,4.4,49.1,20.3,956.8
2.0,Mid,2030,solved,460.6,13.1,37.7,23.0,728.4
2.0,Mid,2035,solved,460.6,13.1,37.7,23.0,728.4
2.0,Mid,2040,solved,460.6,13.1,37.7,23.0,728.4
2.0,Mid,2045,solved,460.7,8.3,43.4,22.0,910.2
2.0,High,2030,solved,460.6,13.7,37.1,23.0,723.2
2.0,High,2035,solved,460.6,13.7,37.1,23.0,723.2
2.0,High,2040,solved,460.6,13.7,37.1,23.0,723.2
2.0,High,2045,solved,460.7,10.7,41.0,22.1,837.8
